Code,Show Name,Location,Scene
/title/tt0913968/,The Warlords,"Beijing, China",
/title/tt0913968/,The Warlords,"Shanghai, China",
/title/tt0066955/,Creatures the World Forgot,South Africa,"(jungle scenes with animals, namely antilope, oryx, wildebeest, warthog, brown hyena, crested porcupine, snakes and a scorpion)                        "
/title/tt0066955/,Creatures the World Forgot,"Pinewood Studios, Iver Heath, Buckinghamshire, England, UK",(studio)                        
/title/tt0297174/,Hospital Central,Guatemala,
/title/tt0297174/,Hospital Central,"Villaviciosa de Odón, Madrid, Spain",
/title/tt0086005/,Never Cry Wolf,"Nome, Alaska, USA",
/title/tt0086005/,Never Cry Wolf,"Yukon, Canada",
/title/tt0112389/,The Princess and the Cobbler,"London, England, UK",
/title/tt0070030/,Emperor of the North Pole,"Cottage Grove, Oregon, USA",
/title/tt0081467/,Het eiland van de nieuwe monsters,"Neptune's Grotto, Capo Cassia, Alghero, Sardinia, Italy",(cave with stalactites)                        
/title/tt0081467/,Het eiland van de nieuwe monsters,"Bronson Caves, Bronson Canyon, Griffith Park - 4730 Crystal Springs Drive, Los Angeles, California, USA",(round caves in opening scenes-US version)                        
/title/tt0081467/,Het eiland van de nieuwe monsters,Iceland,
/title/tt0081467/,Het eiland van de nieuwe monsters,"Grotte del Bue Marino, Dorgali, Nuoro, Italy",(caves seen from sea)                        
/title/tt0081467/,Het eiland van de nieuwe monsters,"R.P.A. Studios, Rome, Lazio, Italy",
/title/tt1801045/,Cowboy Ninja Viking,"Vancouver, British Columbia, Canada",
/title/tt3804114/,Halo: Nightfall,"Belfast, County Antrim, Northern Ireland, UK",
/title/tt3804114/,Halo: Nightfall,"Northern Ireland, UK",
/title/tt6409762/,Big Legend,"Lewis River Falls- Gifford Pinchot National Forest, Washington State, USA",(Water Falls Scene)                        
/title/tt0896585/,Yeti: Curse of the Snow Demon,"Vancouver, British Columbia, Canada",
/title/tt0082247/,Death Hunt,"Sandia Mountains, New Mexico, USA",
/title/tt0082247/,Death Hunt,"Cibola National Forest, New Mexico, USA",
/title/tt0082247/,Death Hunt,"Albuquerque, New Mexico, USA",
/title/tt0082247/,Death Hunt,"Alberta, Canada",
/title/tt0082247/,Death Hunt,"New Mexico, USA",
/title/tt0026174/,Captain Blood,"Three Arch Bay, California, USA",
/title/tt0026174/,Captain Blood,"Palm Canyon, California, USA",
/title/tt0026174/,Captain Blood,"Stage 18, Warner Brothers Burbank Studios - 4000 Warner Boulevard, Burbank, California, USA",
/title/tt0026174/,Captain Blood,"Stage 12, Warner Brothers Burbank Studios - 4000 Warner Boulevard, Burbank, California, USA",
/title/tt0026174/,Captain Blood,"Stage 27, Warner Brothers Burbank Studios - 4000 Warner Boulevard, Burbank, California, USA",
/title/tt0026174/,Captain Blood,"Stage 7, Warner Brothers Burbank Studios - 4000 Warner Boulevard, Burbank, California, USA",
/title/tt0068245/,Bad Company,"Severy, Kansas, USA",
/title/tt0068245/,Bad Company,"Emporia, Kansas, USA",(the Flint Hills region)                        
/title/tt2617456/,Superman: Unbound,"Chicago Illinois, USA",(Metropolis)                        
/title/tt0066630/,The Beachcombers,"Gibsons, British Columbia, Canada",
/title/tt0066630/,The Beachcombers,"Molly's Reach, 647 School Road, Gibsons, British Columbia, Canada",
/title/tt0181199/,Arabian Nights,"Cappadoccia, Turkey",
/title/tt0181199/,Arabian Nights,Jordan,
/title/tt0181199/,Arabian Nights,"Antalya Studios, Turkey",(studio)                        
/title/tt0181199/,Arabian Nights,Turkey,
/title/tt0409011/,Love Wrecked,"Sun Village Beach Resort Cofresi, Dominican Republic",
/title/tt0409011/,Love Wrecked,"Puerto Plata, Dominican Republic",
/title/tt0409011/,Love Wrecked,"Cabrera, Dominican Republic",
/title/tt0340477/,Helen of Troy,Malta,
/title/tt0102178/,K2,"Kashmir, Pakistan",
/title/tt0102178/,K2,Pakistan,
/title/tt0250371/,The Other Side of Heaven,"Rarotonga, Cook Islands",
/title/tt0250371/,The Other Side of Heaven,New Zealand,
/title/tt0099327/,A Cry in the Wild,"Quincy, California, USA",
/title/tt0095241/,Gor,Mauritius,
/title/tt1483803/,Stargate: Children of the Gods,"Vancouver, British Columbia, Canada",
/title/tt0060121/,Arabesque,"Crumlin Viaduct, Crumlin, Caerphilly, Wales, UK",
/title/tt0060121/,Arabesque,"Gatwick Airport, Crawley, West Sussex, England, UK",
/title/tt0060121/,Arabesque,"Trafalgar Square, St James's, London, England, UK",
/title/tt0060121/,Arabesque,"Oxford, Oxfordshire, England, UK",
/title/tt0060121/,Arabesque,"Waterloo Station, Waterloo, London, England, UK",
/title/tt0060121/,Arabesque,"Newport Pagnell, Buckinghamshire, England, UK",(Horse chase)                        
/title/tt0060121/,Arabesque,"Tyringham Hall, Newport Pagnell, Buckinghamshire, England, UK",(Mansion)                        
/title/tt3741632/,The Leisure Seeker,"Key West, Florida, USA",(Ernest Hemingway house)                        
/title/tt3741632/,The Leisure Seeker,"Maryland, USA",
/title/tt3741632/,The Leisure Seeker,"Jekyll Island, Georgia USA",(Jekyll Island State Park)                        
/title/tt3741632/,The Leisure Seeker,"St. Simons Island, Georgia, USA",
/title/tt3741632/,The Leisure Seeker,"Marathon, Florida, USA",(Fishermen's Hospital)                        
/title/tt3741632/,The Leisure Seeker,"Dunwoody, Georgia, USA",
/title/tt0997047/,College Road Trip,"Fairfield, Connecticut, USA",
/title/tt0997047/,College Road Trip,"Norwalk, Connecticut, USA",
/title/tt0997047/,College Road Trip,"Wallingford, Connecticut, USA",(school)                        
/title/tt0997047/,College Road Trip,"Ontario, California, USA",
/title/tt0040876/,De 3 musketeers,"Corriganville, Ray Corrigan Ranch, Simi Valley, California, USA",
/title/tt0040876/,De 3 musketeers,"Rowland V. Lee Ranch - Fallbrook Avenue, Canoga Park, Los Angeles, California, USA",
/title/tt0040876/,De 3 musketeers,"European Street, Metro-Goldwyn-Mayer Studios - 10202 W. Washington Blvd., Culver City, California, USA",
/title/tt0108539/,Weekend at Bernie's II,"St. John, U.S. Virgin Islands",
/title/tt0108539/,Weekend at Bernie's II,"St. Thomas, U.S. Virgin Islands",
/title/tt1034320/,Major Movie Star,"Camp Minden, Webster Parish, Louisiana, USA",
/title/tt1034320/,Major Movie Star,"Minden, Louisiana, USA",
/title/tt0069436/,Ulzana's Raid,"Coronado National Forest, Arizona, USA",
/title/tt0069436/,Ulzana's Raid,"Valley of Fire State Park - Route 169, Overton, Nevada, USA",
/title/tt0069436/,Ulzana's Raid,"Las Vegas, Nevada, USA",
/title/tt0069436/,Ulzana's Raid,"Sonoita, Arizona, USA",
/title/tt0069436/,Ulzana's Raid,"Whetstone Mountains, Arizona, USA",
/title/tt0069436/,Ulzana's Raid,"Fort Crittenden, Sonoita, Arizona, USA",
/title/tt0069436/,Ulzana's Raid,"Atascosa Mountains, Arizona, USA",
/title/tt0069436/,Ulzana's Raid,"Babocomari River, Arizona, USA",
/title/tt0069436/,Ulzana's Raid,"Empire Mountains, Arizona, USA",
/title/tt0069436/,Ulzana's Raid,"Baboquivari Mountains, Arizona, USA",
/title/tt0114108/,The Pebble and the Penguin,"Sullivan Bluth Studios - 3800 West Alameda Avenue, Burbank, California, USA",
/title/tt6483422/,They Reach,"Yelm, Washington, USA",
/title/tt6483422/,They Reach,"Enumclaw, Washington, USA",
/title/tt6483422/,They Reach,"Spanaway, Washington, USA",
Code,Show Name,Location,Scene
/title/tt0080889/,Hopscotch,"Savannah, Georgia, USA",
/title/tt0080889/,Hopscotch,"Atlanta, Georgia, USA",
/title/tt0080889/,Hopscotch,"Marseille, France",(location shooting)                        
/title/tt0080889/,Hopscotch,"Washington D.C., USA",(location shooting)                        
/title/tt0080889/,Hopscotch,"London Heathrow Airport, London Borough of Hillingdon, London, England, UK",
/title/tt0080889/,Hopscotch,"Munich, Bavaria, Germany",
/title/tt0080889/,Hopscotch,"Langley, Virginia, USA",(CIA headquarters)                        
/title/tt0080889/,Hopscotch,"Ramsgate, Kent, England, UK","(Hoverlloyd ferry dock - Isobel arrives in England, drives off ferry)                        "
/title/tt0080889/,Hopscotch,"22 Park Lane, Mayfair, London, England, UK",(London Hilton)                        
/title/tt0063060/,Hellfighters,"Conroe, Texas, USA",
/title/tt0063060/,Hellfighters,"Gillette, Wyoming, USA",
/title/tt0063060/,Hellfighters,"William P. Hobby Airport - 7800 Airport Boulevard, Houston, Texas, USA",
/title/tt0063060/,Hellfighters,"Stage 32, Universal Studios - 100 Universal City Plaza, Universal City, California, USA",
/title/tt0063060/,Hellfighters,"Baytown, Texas, USA",(Hotel scene when there is an explosion.)                        
/title/tt3859980/,Mohenjo Daro,Africa,
/title/tt3859980/,Mohenjo Daro,"Bhuj, Gujarat, India",(Bhuj)                        
/title/tt3972398/,Peter Pan Live!,"Grumman Studios, Bethpage, Long Island, New York, USA",(Stages 1 & 4)                        
/title/tt0079336/,The In-Laws,"Englewood, New Jersey, USA",
/title/tt0079336/,The In-Laws,"Santa Catalina Island, Channel Islands, California, USA","(airport scenes, exteriors)                        "
/title/tt0079336/,The In-Laws,"Warner Brothers Burbank Studios - 4000 Warner Boulevard, Burbank, California, USA",(studio) (as The Burbank Studios)                        
/title/tt0079336/,The In-Laws,"Los Angeles, California, USA",(Opening scenes with armoured truck)                        
/title/tt2272350/,The Battery,"Kent, Connecticut, USA",(camp location)                        
/title/tt2272350/,The Battery,"Norwalk, Connecticut, USA",(primary location)                        
/title/tt2272350/,The Battery,USA,
/title/tt0062480/,Week End,"Oinville-Sur-Montcient, Ile de France, France",
/title/tt0080846/,Hawk the Slayer,"Mansfield, Nottinghamshire, England, UK",
/title/tt0080846/,Hawk the Slayer,"Black Park, Iver Heath, Buckinghamshire, England, UK",
/title/tt0027623/,Flash Gordon,"Stage 28, Universal Studios - 100 Universal City Plaza, Universal City, California, USA",
/title/tt0027623/,Flash Gordon,"Bronson Caves, Bronson Canyon, Griffith Park - 4730 Crystal Springs Drive, Los Angeles, California, USA",
/title/tt0058089/,Fantomas,"Chérence, Val-d'Oise, France",
/title/tt0058089/,Fantomas,"Vétheuil, Val d'Oise, France",
/title/tt0058089/,Fantomas,"Place de la Concorde, Paris 8, Paris, France",(first scene)                        
/title/tt0058089/,Fantomas,"Avenue des Champs-Élysées, Paris 8, Paris, France",
/title/tt0058089/,Fantomas,"Grosrouvre, Yvelines, France",(Fandor imitates Fantômas in a graveyard)                        
/title/tt0058089/,Fantomas,"66, avenue des Champs-Elysées, Paris 8, Paris, France",(presentation of the jewels on rooftop terrace)                        
/title/tt0058089/,Fantomas,"Pont de la Tournelle, Paris 5, Paris, France","(Juve and Bertrand, now released, in a taxi)                        "
/title/tt0058089/,Fantomas,"Lycée Polyvalent Arago - 4 place de la Nation, Paris 12, Paris, France",(Fandor going out of a police station)                        
/title/tt0058089/,Fantomas,"Avenue de l'Opéra, Paris 1, Paris, France",(Fandor in a taxi booby-trapped by Fantômas)                        
/title/tt0058089/,Fantomas,"Place d'Iéna, Paris 16, Paris, France","(Fantômas, disguised as Juve, drives fast to a holdup scene)                        "
/title/tt0058089/,Fantomas,"La Roche-Guyon, Val-d'Oise, France",(motorcycle and car chase)                        
/title/tt0058089/,Fantomas,"Col de l'Espigoulier, Gémenos, Bouches-du-Rhône, France","(Fandor and Hélène's car, whose brakes have been sabotaged, races downhill)                        "
/title/tt0058089/,Fantomas,"Studios de Boulogne-Billancourt/SFP - 2 Rue de Silly, Boulogne-Billancourt, Hauts-de-Seine, France",(studio)                        
/title/tt0058089/,Fantomas,"Avenue Marceau, Paris 8, Paris, France","(rooftop chase, crane scene)                        "
/title/tt0078937/,Captain America,"Universal Studios - 100 Universal City Plaza, Universal City, California, USA",(studio)                        
/title/tt3638848/,The Hogwarts Express,"Leavesden Studios, Leavesden, Hertfordshire, England, UK",(studio)                        
/title/tt2996684/,Animal,"City of Manchester, Connecticut, USA",(Ending Credits)                        
/title/tt2117905/,Lake Placid: The Final Chapter,"Sofia City, Bulgaria",(interview) (Yancy Butler's blog. Robert Englung interview)                        
/title/tt0117496/,Robinson Crusoe,Papua New Guinea,
/title/tt0796307/,La misma luna,"Tequisquiapan, Querétaro, Mexico",
/title/tt0033717/,High Sierra,"Mount Whitney, California, USA",(finale - chase)                        
/title/tt0033717/,High Sierra,"Arrowhead Springs Hotel - 24918 Arrowhead Springs Road, San Bernardino, California, USA",
/title/tt0033717/,High Sierra,"Big Bear Lake, Big Bear Valley, San Bernardino National Forest, California, USA",
/title/tt0033717/,High Sierra,"Lake Arrowhead, San Bernardino National Forest, California, USA",
/title/tt0033717/,High Sierra,"Cedar Lake, Big Bear Valley, San Bernardino National Forest, California, USA",
/title/tt0033717/,High Sierra,"Stage 21, Warner Brothers Burbank Studios - 4000 Warner Boulevard, Burbank, California, USA",
/title/tt0033717/,High Sierra,"Stage 28, Warner Brothers Burbank Studios - 4000 Warner Boulevard, Burbank, California, USA",
/title/tt1227183/,Swallows and Amazons,"Keighley & Worth Valley Railway, Haworth, Keighley, Bradford, West Yorkshire, England, UK",(The opening train journey)                        
/title/tt1227183/,Swallows and Amazons,"Heptonstall, West Yorkshire, England, UK",(Rio carnival scenes)                        
/title/tt1227183/,Swallows and Amazons,"Plumpton Rocks, Plompton, North Yorkshire, England, UK",(John and Susan discover 'The Amazons' lair)                        
/title/tt1227183/,Swallows and Amazons,"St Herbert's Island, Derwentwater, Lake District, Cumbria, UK",(Island scenes)                        
/title/tt1227183/,Swallows and Amazons,"Heptonstall, West Yorkshire, England, UK",(Children go shopping)                        
/title/tt1227183/,Swallows and Amazons,"Bradford, West Yorkshire, England, UK",
/title/tt1227183/,Swallows and Amazons,"Wakefield, West Yorkshire, England, UK",
/title/tt1227183/,Swallows and Amazons,"Keighley, Bradford, West Yorkshire, England, UK",
/title/tt1227183/,Swallows and Amazons,"Keighley and Worth Valley Railway, Haworth, Keighley, Bradford, West Yorkshire, England, UK",
/title/tt0468536/,Prey,South Africa,
/title/tt2599716/,Police Story - Back for Law,"Beijing, China",
/title/tt8917542/,La línea invisible,"Artikutza, Goizueta, Guipúzcoa, País Vasco, Spain",
/title/tt8917542/,La línea invisible,"Berastegi, Gipuzkoa, Basque Country, Spain",
/title/tt8917542/,La línea invisible,"Bidania, Guipúzcoa, País Vasco, Spain",
/title/tt8917542/,La línea invisible,"Donostia-San Sebastián, Guipúzcoa, País Vasco, Spain",
/title/tt8917542/,La línea invisible,"Pasaia, Guipúzcoa, País Vasco, Spain",
/title/tt8917542/,La línea invisible,"Deba, Gipuzkoa, Basque Country, Spain",
/title/tt8917542/,La línea invisible,"Irun, Gipuzkoa, Basque Country, Spain",
/title/tt8917542/,La línea invisible,"Lumbier, Navarra, Spain",
/title/tt8917542/,La línea invisible,"Elorrio, Vizcaya, País Vasco, Spain",
/title/tt8917542/,La línea invisible,"Oiartzun, Guipúzcoa, País Vasco, Spain",
/title/tt8917542/,La línea invisible,"Leitza, Navarra, Spain",
/title/tt8917542/,La línea invisible,"Beizama, Gipuzkoa, Basque Country, Spain",
/title/tt8917542/,La línea invisible,"Usurbil, Gipuzkoa, Basque Country, Spain",
/title/tt8917542/,La línea invisible,"Tolosa, Guipúzcoa, País Vasco, Spain",
/title/tt0072610/,The Adventures of the Wilderness Family,"Kamas, Utah, USA",
/title/tt0072610/,The Adventures of the Wilderness Family,"Heber City, Utah, USA",
/title/tt0072610/,The Adventures of the Wilderness Family,"Rocky Mountains, Colorado, USA",
/title/tt0104922/,Motorama,"Fox Plaza - 2121 Avenue of the Stars, Century City, Los Angeles, California, USA",(Chimera Gas headquarters)                        
/title/tt0104922/,Motorama,"Glen Canyon Dam, Colorado River, Page, Arizona, USA",
/title/tt0104922/,Motorama,"Page, Arizona, USA",
Code,Show Name,Location,Scene
/title/tt0118436/,Power Rangers Turbo,"Brandeis-Bardin Institute - 1101 Pepper Tree Lane, Simi Valley, California, USA","(Command Center, exteriors)                        "
/title/tt0118436/,Power Rangers Turbo,"Los Angeles, California, USA",
/title/tt0118436/,Power Rangers Turbo,"Valencia, California, USA",
/title/tt0214874/,The Legend of Sleepy Hollow,"Quebec, Canada",
/title/tt0361192/,Hunter,"San Diego, California, USA",
/title/tt0312189/,Power Rangers Ninja Storm,"Sacred Heart College, Lower Hutt, Wellington, New Zealand",
/title/tt6846128/,Empire of the Sharks,"Hout Bay, Western Cape, South Africa",
/title/tt6846128/,Empire of the Sharks,South Africa,(Cape Town)                        
/title/tt0075503/,The Fantastic Journey,"Griffith Observatory, 2800 E Observatory Rd, Los Angeles, California, USA",
/title/tt2436046/,Antboy,"Valby, Copenhagen, Denmark",
/title/tt2436046/,Antboy,"Nordisk Film Risby Studierne, Albertslund, Sjælland, Denmark",(studio) (as Risby Studierne)                        
/title/tt10656230/,Warkop DKI Reborn 4,"Marrakech, Morocco",
/title/tt0061643/,Fando y Lis,Mexico,
/title/tt0094516/,My Secret Identity,"Toronto, Ontario, Canada",
/title/tt2822672/,Rock Dog,"Los Angeles, California, USA",(Reel FX Santa Monica)                        
/title/tt0086232/,Sahara,Israel,
/title/tt0103621/,Adventures in Dinosaur City,"Los Angeles, California, USA",
/title/tt0159193/,Shin kidô senki Gundam W,"Lompoc, California, USA",
/title/tt0106868/,A Far Off Place,Zimbabwe,
/title/tt0287871/,Power Rangers Wild Force,"Los Angeles, California, USA",
/title/tt0108395/,A Troll in Central Park,"Dublin, Ireland",
/title/tt0108395/,A Troll in Central Park,"Burbank, California, USA",
/title/tt0108395/,A Troll in Central Park,Ireland,
/title/tt0685628/,The Sign of Four,Malta,
/title/tt0685628/,The Sign of Four,"Allerton Castle, Allerton Lane, Allerton Mauleverer, Knaresborough, North Yorkshire, England, UK",
/title/tt0685628/,The Sign of Four,"Falkner Square, Toxteth, Liverpool, Merseyside, England, UK",
/title/tt0685628/,The Sign of Four,"New Crane Wharf8 New Crane Place, St Katharine's & Wapping, London, England, UK",
/title/tt0685628/,The Sign of Four,"River Thames at Rotherhithe, London, England, UK",
/title/tt0685628/,The Sign of Four,"Walker Art Gallery, William Brown Street, Liverpool, Merseyside, England, UK",
/title/tt0685628/,The Sign of Four,"Wapping Pier Head, Wapping, London, England, UK",
/title/tt0685628/,The Sign of Four,"Westminster Millennium Pier, Victoria Embankment, Westminster, London, England, UK",
/title/tt0685628/,The Sign of Four,"Greeks Gate, Mdina, Malta",
/title/tt0685628/,The Sign of Four,"Triq San Nikola, Mdina, Malta",
/title/tt0110557/,Monkey Trouble,"Warwick Building; 109 N. Sycamore Avenue, Los Angeles, California, USA",(The family residence)                        
/title/tt0110557/,Monkey Trouble,"Overland Elementary School; 10650 Ashby Avenue, Los Angeles, California, USA",(Eva's School)                        
/title/tt0110557/,Monkey Trouble,"925 Harding Avenue, Venice, California, USA",(Eva's Father's house)                        
/title/tt0110557/,Monkey Trouble,"Los Angeles, California, USA",
/title/tt0110557/,Monkey Trouble,"Venice, Los Angeles, California, USA",
/title/tt0084750/,Sword of the Valiant: The Legend of Sir Gawain and the Green Knight,"St Michael's Mount, Mount's Bay, Cornwall, England, UK",(King Arthur's Castle exteriors)                        
/title/tt0084750/,Sword of the Valiant: The Legend of Sir Gawain and the Green Knight,"Roche Rock, Roche, Cornwall, England, UK",(hermit's chapel)                        
/title/tt0084750/,Sword of the Valiant: The Legend of Sir Gawain and the Green Knight,"Cardiff Castle, Cardiff, South Glamorgan, Wales, UK",(King Arthur's Castle exteriors close-up)                        
/title/tt0084750/,Sword of the Valiant: The Legend of Sir Gawain and the Green Knight,"Château de Pierrefonds, Pierrefonds, Oise, France",(Lyonesse)                        
/title/tt0084750/,Sword of the Valiant: The Legend of Sir Gawain and the Green Knight,Ireland,
/title/tt8545636/,Adventures of Rufus: The Fantastic Pet,"Oklahoma, USA",
/title/tt1698647/,Delirium,"Los Angeles, California, USA",
/title/tt0442674/,The Godfather,"Brooklyn, New York City, New York, USA",
/title/tt0442674/,The Godfather,"Little Italy, Manhattan, New York City, New York, USA",
/title/tt0442674/,The Godfather,"Midtown, Manhattan, New York City, New York, USA",
/title/tt0442674/,The Godfather,"New York City, New York, USA",
/title/tt0050095/,The Abominable Snowman,"Pyrénées, France",
/title/tt0050095/,The Abominable Snowman,"Pinewood Studios, Iver Heath, Buckinghamshire, England, UK",(studio) (additional studio filming)                        
/title/tt0092532/,Alien from L.A.,"Grand Central Airport Midrand, South Africa",
/title/tt0092532/,Alien from L.A.,South Africa,
/title/tt3032060/,Annabelle Hooper and the Ghosts of Nantucket,"Nantucket, Massachusetts, USA",(location)                        
/title/tt0060182/,Born Free,Kenya,
/title/tt0060182/,Born Free,"Naro Moro River, Kenya",
/title/tt0060182/,Born Free,"Shaba National Game Reserve, Kenya",
/title/tt0060182/,Born Free,"Doldol, Ethiopia",
/title/tt0091069/,Fortress,"Bairnsdale, Victoria, Australia",
/title/tt0091069/,Fortress,"Victoria, Australia",
/title/tt3169770/,El desconocido,"Plaza de Vigo, A Coruña, Galicia, Spain",(Police Helicopter scene)                        
/title/tt3169770/,El desconocido,"Rúa Emilia Pardo Bazán, 24 A Coruña, Galicia, Spain",(Square surrounded by police)                        
/title/tt0073113/,The Hindenburg,"Naval Air Station Lakehurst, New Jersey, USA",(newsreel footage only)                        
/title/tt0073113/,The Hindenburg,"Munich, Bavaria, Germany",
/title/tt0073113/,The Hindenburg,"Milwaukee, Wisconsin, USA",
/title/tt0073113/,The Hindenburg,"Stage 27, Universal Studios - 100 Universal City Plaza, Universal City, California, USA",
/title/tt0073113/,The Hindenburg,"Old Executive Office Building, 1650 Pennsylvania Avenue NW, Washington, District of Columbia, USA","(Exterior. Establishing shot for U.S. State Department, with the First Division Monument barely visible in the foreground)                        "
Code,Show Name,Location,Scene
/title/tt0038718/,Make Mine Music,"Walt Disney Studios, 500 South Buena Vista Street, Burbank, California, USA",
/title/tt3292154/,Sharktopus vs. Whalewolf,"Santo Domingo, Dominican Republic",
/title/tt0498318/,Aquaman,"Homestead, Florida, USA",
/title/tt0498318/,Aquaman,"Coconut Grove, Miami, Florida, USA",
/title/tt0075347/,Treasure of Matecumbe,"Danville, Kentucky, USA",
/title/tt0075347/,Treasure of Matecumbe,"Walt Disney's Golden Oak Ranch - 19802 Placerita Canyon Road, Newhall, California, USA",
/title/tt0075347/,Treasure of Matecumbe,"Cypress Cove, Kissimmee, Florida, USA",(cypress swamps)                        
/title/tt0049782/,Sora no daikaijû Radon,"Fukuoka City, Fukuoka, Japan",
/title/tt0049782/,Sora no daikaijû Radon,"Sasebo, Nagasaki, Japan",
/title/tt2459156/,Copenhagen,"Copenhagen, Denmark",
/title/tt2459156/,Copenhagen,"The Little Mermaid Statue, Copenhagen, Denmark",
/title/tt2459156/,Copenhagen,"Nyhavn, Copenhagen, Denmark",
/title/tt2182384/,Injustice: Gods Among Us,"Chicago, Illinois, USA",
/title/tt0118172/,The Wind in the Willows,"Dover Castle, Dover, Kent, England, UK",(Gaol)                        
/title/tt0118172/,The Wind in the Willows,"Bluebell Railway, East Sussex, England, UK",
/title/tt0118172/,The Wind in the Willows,"Burnham Beeches, Buckinghamshire, England, UK",
/title/tt0118172/,The Wind in the Willows,"Kentwell Hall, Long Melford, Suffolk, England, UK",(Doubled as Toad Hall)                        
/title/tt1123373/,Di renjie: Tong tian di guo,"Beijing, China",
/title/tt1123373/,Di renjie: Tong tian di guo,"Hangzhou, Zhejiang, China",
/title/tt1123373/,Di renjie: Tong tian di guo,"Hong Kong, China",
/title/tt0095867/,Picasso Trigger,"Los Angeles, California, USA",
/title/tt0095867/,Picasso Trigger,"Uncertain, Texas, USA",
/title/tt0095867/,Picasso Trigger,"Hawaii, USA",
/title/tt0095867/,Picasso Trigger,"Lahaina, Maui, Hawaii, USA",
/title/tt0095867/,Picasso Trigger,"Moloka`i, Hawaii, USA",
/title/tt0095867/,Picasso Trigger,"Paris, France",
/title/tt5610626/,Dragonheart: Battle for the Heartfire,"Corvin Castle, Hunedoara, Romania",(aka Corvin Castle)                        
/title/tt5610626/,Dragonheart: Battle for the Heartfire,"Castel Film Studios, Bucharest, Romania",(studio)                        
/title/tt5956100/,Tiger Zinda Hai,"Naxos, Greece",
/title/tt5956100/,Tiger Zinda Hai,"Innsbruck, Tyrol, Austria",(Dil Diyan Gallan Song)                        
/title/tt5956100/,Tiger Zinda Hai,"Hall in Tirol, Tirol, Austria",
/title/tt0315064/,She Spies,"Los Angeles, California, USA",
/title/tt0315064/,She Spies,"Newport Center, Newport Beach, California, USA",
/title/tt0101412/,Beastmaster 2: Through the Portal of Time,"Glen Canyon, Arizona, USA",
/title/tt0101412/,Beastmaster 2: Through the Portal of Time,"Page, Arizona, USA",
/title/tt0101412/,Beastmaster 2: Through the Portal of Time,"Los Angeles, California, USA",
/title/tt0415160/,Minotaur,"Carousel Picture Company, Luxembourg, Luxembourg",
/title/tt0415160/,Minotaur,"Wales, UK",
/title/tt0069956/,Mondo Cannibale,Thailand,
/title/tt0054679/,The Big Gamble,"Ardmore Studios, Herbert Road, Bray, County Wicklow, Ireland",
/title/tt0054679/,The Big Gamble,Côte D'Ivoire,
/title/tt6710826/,The Jurassic Games,"Oklahoma City, Oklahoma, USA",(studio)                        
/title/tt6723522/,BuzzFeed Unsolved: Supernatural,"Vulture City, Arizona, USA",
/title/tt6723522/,BuzzFeed Unsolved: Supernatural,"Phoenix, Arizona, USA",
/title/tt6723522/,BuzzFeed Unsolved: Supernatural,"Superior, Arizona, USA",
/title/tt8811032/,Fuyao,"Hengdianzhen, Dongyang, Jinhua, Zhejiang, China",(China)                        
/title/tt8500086/,La víctima número 8,"Bilbao, Spain",(exterior scenes)                        
/title/tt0068122/,The Protectors,"Venice, Veneto, Italy",
/title/tt0088760/,Baby: Secret of the Lost Legend,Côte D'Ivoire,
/title/tt1604070/,Caught Inside,Maldives,
/title/tt1541155/,Robopocalypse,"ShowBiz Studios, Van Nuys, California, USA",
/title/tt11766318/,Homeward,"New York City, New York, USA",(on location)                        
/title/tt0203425/,Crocodile,"Santa Clarita, California, USA",
/title/tt0203425/,Crocodile,Mexico,
/title/tt3532278/,Brothers of the Wind,"Nationalpark Hohe Tauern, Austria",(location)                        
/title/tt3532278/,Brothers of the Wind,"Carinthia, Austria",(location)                        
/title/tt3532278/,Brothers of the Wind,"Passo di Falzarego, Belluno, Veneto, Italy",
/title/tt0337593/,Sherlock,"Castel Film Studios, Bucharest, Romania",(studio)                        
/title/tt0015175/,Die Nibelungen: Siegfried,"Berliner Union-Film, Oberlandstraße 26-35, Tempelhof, Berlin, Germany",
/title/tt0062551/,The Champions,"Betchworth Quarry, Betchworth, Reigate, Surrey, England, UK",(scene of Interpol agent driving off a precipice - episode 'A Case of Lemmings')                        
/title/tt0062551/,The Champions,"Elstree Studios, Borehamwood, Hertfordshire, England, UK",
/title/tt0073817/,Travolti da un insolito destino nell'azzurro mare d'agosto,"Tortolì, Sardinia, Italy",
/title/tt0099387/,The Death of the Incredible Hulk,"British Columbia, Canada",
/title/tt0099387/,The Death of the Incredible Hulk,"Vancouver, British Columbia, Canada",
Code,Show Name,Location,Scene
/title/tt3147312/,Desierto,"Baja California, Mexico",
/title/tt3147312/,Desierto,"Sonoran Desert, Sonora, Mexico",
/title/tt3147312/,Desierto,"Catavina, Baja California, Mexico",
/title/tt3147312/,Desierto,"Altar, Sonora, Mexico",
/title/tt1104806/,One Week,"Fairmont Banff Springs Hotel, Banff, Banff National Park, Alberta, Canada",(Fancy hotel)                        
/title/tt1104806/,One Week,"Parry Sound, Ontario, Canada",(uncredited)                        
/title/tt1104806/,One Week,"Mount Hope Motel, Hope, British Columbia, Canada",
/title/tt1104806/,One Week,"Kingsway Motel, Thunder Bay, Ontario, Canada","(Scene at the Kingsway Motel, sign seen.)                        "
/title/tt1104806/,One Week,"Carman, Manitoba, Canada","(as The Town of Carman, MB)                        "
/title/tt1104806/,One Week,"Drumheller, Alberta, Canada","(as The Town of Drumheller, AB)                        "
/title/tt1104806/,One Week,"Elm Creek, Manitoba, Canada","(as The Village of Elm Creek, MB)                        "
/title/tt1104806/,One Week,"Grand Forks, British Columbia, Canada","(as The City of Grand Forks, BC)                        "
/title/tt1104806/,One Week,"Hope, British Columbia, Canada","(as The District of Hope, BC)                        "
/title/tt1104806/,One Week,"Kimberley, British Columbia, Canada","(as The City of Kimberley, BC)                        "
/title/tt1104806/,One Week,"Port Carling, Ontario, Canada","(as The Township of Muskoka Lakes and Port Carling, ON)                        "
/title/tt1104806/,One Week,"Saint Claude, Manitoba, Canada","(as The Village of Saint Claude, MB)                        "
/title/tt1104806/,One Week,"Schomberg, Ontario, Canada","(as The District of Nobleton Schomberg, ON)                        "
/title/tt1104806/,One Week,"Tofino, British Columbia, Canada","(as The District of Tofino, BC)                        "
/title/tt1104806/,One Week,"Ucluelet, British Columbia, Canada","(as The District of Ucluelet, BC)                        "
/title/tt1104806/,One Week,"Vancouver, British Columbia, Canada","(as The City of Vancouver, BC)                        "
/title/tt1104806/,One Week,"Wawa, Ontario, Canada","(as The Municipality of Wawa, ON)                        "
/title/tt1104806/,One Week,"White River, Ontario, Canada","(as The Town of White River, ON)                        "
/title/tt10364808/,Mao Mao: Heroes of Pure Heart,"Los Angeles, California, USA","(Titmouse, Inc.)                        "
/title/tt10364808/,Mao Mao: Heroes of Pure Heart,"Cartoon Network - 1050 Techwood Drive NW, Atlanta, Georgia, USA",(main)                        
/title/tt10364808/,Mao Mao: Heroes of Pure Heart,"Burbank, California, USA",(West Coast) (Cartoon Network)                        
/title/tt3513054/,Last Days in the Desert,"Anza-Borrego Desert State Park - 200 Palm Canyon Drive, Borrego Springs, California, USA","(Badlands, Clark Dry Lake)                        "
/title/tt3513054/,Last Days in the Desert,USA,
/title/tt4416518/,Shark Lake,"Lake Tahoe, Nevada, USA",(pick-ups)                        
/title/tt0026164/,The Call of the Wild,"Lake Chelan, Washington, USA",
/title/tt0026164/,The Call of the Wild,"Lake Tahoe, Nevada, USA",
/title/tt0026164/,The Call of the Wild,"Mount Baker, Washington, USA",
/title/tt0026164/,The Call of the Wild,"Feather River, California, USA",
/title/tt0071206/,Benji,"Denton, Texas, USA",
/title/tt1150934/,Anacondas 4: Trail of Blood,"Bucharest, Romania",
/title/tt1150934/,Anacondas 4: Trail of Blood,Romania,
/title/tt1937113/,Call of Duty: Modern Warfare 3,"New York City, New York, USA",
/title/tt1937113/,Call of Duty: Modern Warfare 3,"Berlin, Germany",
/title/tt0074157/,At the Earth's Core,"Pinewood Studios, Iver Heath, Buckinghamshire, England, UK","(studio) (studio: made at Pinewood Studios, London, England)                        "
/title/tt0158408/,Fantasy Island,"Hotel Häna Maui - 5031 Hana Hwy, Hana, Maui, Hawaii, USA",(Mr. Roarke's estate)                        
/title/tt0095709/,The Navigator: A Mediaeval Odyssey,"Auckland, New Zealand",
/title/tt0095709/,The Navigator: A Mediaeval Odyssey,"Southern Alps, New Zealand",
/title/tt7310440/,A Serial Killer's Guide to Life,"Brighton, East Sussex, England, UK",(exterior scenes)                        
/title/tt10468754/,Watch Dogs: Legion,"London, England, UK",
/title/tt2993848/,Bing feng: Yong heng zhi men,"Hong Kong, China",
/title/tt5304664/,The Islands,"Hawaii, USA",
/title/tt0058379/,Mosura tai Gojira,"Nagoya, Aichi, Japan",
/title/tt5265898/,Dead Ant,"Santa Clarita, California, USA",
/title/tt0290382/,A Wrinkle in Time,"Richmond, British Columbia, Canada",
/title/tt2193031/,Baiohazâdo 6,"Chicago Illinois, USA",(on location)                        
/title/tt2295953/,Primeval: New World,"Vancouver, British Columbia, Canada",
/title/tt0072886/,Doc Savage: The Man of Bronze,"Colorado, USA",
/title/tt0072886/,Doc Savage: The Man of Bronze,"Eastern Columbia Building - 849 S. Broadway, Los Angeles, California, USA","(Opening scenes, New York City)                        "
/title/tt1037156/,Stone of Destiny,"Glasgow University, Glasgow, Strathclyde, Scotland, UK",
/title/tt1037156/,Stone of Destiny,"Arbroath, Angus, Scotland, UK",
/title/tt1037156/,Stone of Destiny,"Glasgow, Strathclyde, Scotland, UK",
/title/tt1037156/,Stone of Destiny,"London, England, UK",
/title/tt1037156/,Stone of Destiny,"Paisley Abbey, Paisley, Renfrewshire, Scotland, UK",
/title/tt1686784/,Long men fei jia,"Beijing, China",
/title/tt0167565/,Le Comte de Monte Cristo,Malta,
/title/tt0167565/,Le Comte de Monte Cristo,"Château de Champs-sur-Marne, 31 rue de Paris, Champs-sur-Marne, Seine-et-Marne, France",
/title/tt0167565/,Le Comte de Monte Cristo,"Château d'If, Marseille, Bouches-du-Rhône, France",(prison where Edmond Dantes is incarcerated)                        
/title/tt0167565/,Le Comte de Monte Cristo,"Mongeroult, Val-d'Oise, France",
/title/tt0167565/,Le Comte de Monte Cristo,"Marseille, Bouches-du-Rhône, France",
/title/tt0047086/,The High and the Mighty,"San Francisco Municipal Airport, California, USA",
/title/tt0047086/,The High and the Mighty,"Glendale Grand Central Air Terminal - Grandview Avenue, Glendale, California, USA",
/title/tt0047086/,The High and the Mighty,"The Royal Hawaiian Hotel, Honolulu, Hawaii, USA",(Wikipedia)                        
/title/tt0100666/,Spaced Invaders,"Pacific Electric Power Station, Lake Ave. and Calaveras St., Altadena, California, USA",
/title/tt0272360/,Winning London,"Glendale, California, USA",
/title/tt0272360/,Winning London,"London, England, UK",
/title/tt0272360/,Winning London,"Woodland Hills, Los Angeles, California, USA",
/title/tt0085994/,Nate and Hayes,"The Phillips Whitehouse Studios, Mangere, Auckland, New Zealand",(studio)                        
/title/tt0085994/,Nate and Hayes,New Zealand,
Code,Show Name,Location,Scene
/title/tt0046414/,Beat the Devil,"Amalfi Coast, Salerno, Campania, Italy",
/title/tt0046414/,Beat the Devil,"Terrazzo dell'lnfinito, Villa Cimbrone, Ravello, Salerno, Campania, Italy","(""Terrace of Infinity"")                        "
/title/tt0046414/,Beat the Devil,"Salerno, Campania, Italy",
/title/tt0046414/,Beat the Devil,"Shepperton Studios, Shepperton, Surrey, England, UK",(studio) (studio: filmed at)                        
/title/tt0046414/,Beat the Devil,Italy,
/title/tt0039391/,Forever Amber,"Greystone Park & Mansion - 905 Loma Vista Drive, Beverly Hills, California, USA",
/title/tt0039391/,Forever Amber,"Stage 8, 20th Century Fox Studios - 10201 Pico Blvd., Century City, Los Angeles, California, USA",(studio)                        
/title/tt0050356/,The Enemy Below,"Hawaii, USA",
/title/tt0050356/,The Enemy Below,"20th Century Fox Studios - 10201 Pico Blvd., Century City, Los Angeles, California, USA",(studio)                        
/title/tt0089994/,Follow That Bird,"Bolton, Ontario, Canada",
/title/tt0089994/,Follow That Bird,"Georgetown, Ontario, Canada",
/title/tt0089994/,Follow That Bird,"3rd Line and 20th Sideroad, New Tecumseth, Ontario, Canada",(No Thru Road)                        
/title/tt0089994/,Follow That Bird,"12911 Creditview Road, Caledon, Ontario, Canada",(Floyd and Ruthie's farm)                        
/title/tt0463826/,Merlin II,"Vancouver, British Columbia, Canada",
/title/tt0091621/,Never Too Young to Die,"Fort MacArthur, San Pedro, Los Angeles, California, USA",(Ragnar's Base)                        
/title/tt0091621/,Never Too Young to Die,"Moorpark College - 7075 Campus Road, Moorpark, California, USA",(college)                        
/title/tt0091621/,Never Too Young to Die,"Los Angeles County, California, USA",(Big Tujunga Dam)                        
/title/tt0126388/,Legionnaire,"Tangier, Morocco",
/title/tt0126388/,Legionnaire,"Erfoud, Morocco",
/title/tt0126388/,Legionnaire,"Ouarzazate, Morocco",
/title/tt0105000/,Night Trap,"GMT Studios - 5701-5751 Buckingham Parkway, Culver City, California, USA",
/title/tt0085356/,Conquest,"Sardinia, Italy",
/title/tt0032412/,Dr. Cyclops,"Paramount Studios - 5555 Melrose Avenue, Hollywood, Los Angeles, California, USA",(studio)                        
/title/tt0110305/,Lassie,"Hinton, West Virginia, USA",
/title/tt0110305/,Lassie,"Tazewell County, Virginia, USA",
/title/tt2400631/,Crossbones,Puerto Rico,
/title/tt3598222/,Mercenaries,"Sybil Brand Institute for Women - 4500 E. City Terrace Drive, Monterey Park, California, USA",(Fort Boxleitner)                        
/title/tt3598222/,Mercenaries,"Veluzat Motion Picture Ranch, Saugus, California, USA",(Ganzar Village)                        
/title/tt3598222/,Mercenaries,"Lost Creek Film Ranch, Santa Clarita, California, USA",(Ganzar Desert)                        
/title/tt3598222/,Mercenaries,"Santa Clarita, California, USA",
/title/tt0069747/,Les aventures de Rabbi Jacob,"World Trade Center, Manhattan, New York City, New York, USA",(location seen during the opening credits)                        
/title/tt0069747/,Les aventures de Rabbi Jacob,"Brooklyn Bridge, New York City, New York, USA",(location seen during the opening credits)                        
/title/tt0069747/,Les aventures de Rabbi Jacob,"Orly Airport, Orly, Val-de-Marne, France",(Rabbi Jacob's arrival from New York ; secnes in the bathroom ; abduction of Mme Pivert)                        
/title/tt0069747/,Les aventures de Rabbi Jacob,"Place du Palais-Royal, Paris 1, Paris, France",(Pivert disguised as Rabbi Jacob and Slimane on a motorbike)                        
/title/tt0069747/,Les aventures de Rabbi Jacob,"Café Les Deux Magots - 6 place Saint-Germain-des-Prés, Paris 6, Paris, France",(scene where Slimane falls into Fares' ambush)                        
/title/tt0069747/,Les aventures de Rabbi Jacob,"Franklin D. Roosevelt East River Drive, Manhattan, New York City, New York, USA",(location seen during the opening credits)                        
/title/tt0069747/,Les aventures de Rabbi Jacob,"Usine sucrière, Goussainville, Val-d'Oise, France",(Rabbi Jacob hides in a chewing gum factory)                        
/title/tt0069747/,Les aventures de Rabbi Jacob,"Aire de repos de l'autoroute A13 sens Province-Paris, Morainvillers, Yvelines, France","(scenes with the motorcycle policemen; Farès' car cut i, half)                        "
/title/tt0069747/,Les aventures de Rabbi Jacob,"Place de la Concorde, Paris 8, Paris, France",(the black DS with a boat on its roof drives around Place de la Concorde)                        
/title/tt0069747/,Les aventures de Rabbi Jacob,"Cour d'Honneur de l'Hôtel National des Invalides, Paris 7, Paris, France","(final scene: departure in helicopter of Slimane, accompanied by Antoinette)                        "
/title/tt0069747/,Les aventures de Rabbi Jacob,"Église de Montjavoult, Montjavoult, Oise, France",(wedding scene in the beginning)                        
/title/tt0406728/,Dungeons & Dragons: Wrath of the Dragon God,"Trakai Castle, Lithuania",
/title/tt1698008/,Super Shark,"Dana Point Harbor, Dana Point, California, USA",(Waterfront and docks)                        
/title/tt0379060/,Zenon: Z3,"Cape Town, Western Cape, South Africa",
/title/tt1334573/,Moby Dick,Malta,
/title/tt1334573/,Moby Dick,"Shelburne, Nova Scotia, Canada",
/title/tt1334573/,Moby Dick,"Lunenburg, Nova Scotia, Canada",
/title/tt3291632/,After School Special,"Ramona Convent Secondary School, Alhambra, California, USA",(location)                        
/title/tt3291632/,After School Special,"829 N La Cienega Blvd, Los Angeles, California, USA",(location)                        
/title/tt0862748/,Rupan sansei,"Metro Manila, Philippines",
/title/tt0862748/,Rupan sansei,"Bangkok, Thailand",
/title/tt0862748/,Rupan sansei,"Singapore, Singapore",
/title/tt4060576/,Lavalantula,"Los Angeles, California, USA",
/title/tt0064806/,The Phantom Tollbooth,"San Francisco, California, USA",
/title/tt0064806/,The Phantom Tollbooth,"Metro-Goldwyn-Mayer Studios - 10202 W. Washington Blvd., Culver City, California, USA",(studio)                        
/title/tt1754799/,The Suite Life Movie,"Vancouver, British Columbia, Canada",
/title/tt6982720/,Trailer Park Shark,"Lafitte, Louisiana, USA",
/title/tt0210294/,Snow Queen,"Cranbrook, British Columbia, Canada",
/title/tt0210294/,Snow Queen,"Vancouver, British Columbia, Canada",
/title/tt4944596/,Que Dios nos perdone,"Santa Cruz de Tenerife, Tenerife, Canary Islands, Spain",
/title/tt4944596/,Que Dios nos perdone,"Madrid, Madrid, Spain",
/title/tt4944596/,Que Dios nos perdone,"Calle del Arenal, Madrid, Spain",(The scene in which one of the policemen stands up on top of a van in pursue of the murderer)                        
/title/tt0091902/,Schiave bianche - Violenza in Amazzonia,"Pitman's Central College, 154 Southampton Row, London WC2, England, UK",(Catherine leaving college)                        
/title/tt0091902/,Schiave bianche - Violenza in Amazzonia,"De Paolis Studios, Rome, Lazio, Italy",(studio)                        
/title/tt0056556/,Taras Bulba,"Salta, Argentina",
/title/tt0056556/,Taras Bulba,"Universal Studios - 100 Universal City Plaza, Universal City, California, USA","(Polish academy, city)                        "
/title/tt0090333/,Wizards of the Lost Kingdom,"Buenos Aires, Federal District, Argentina",
/title/tt1977087/,Tom Sawyer & Huckleberry Finn,Bulgaria,
Code,Show Name,Location,Scene
/title/tt2433040/,Beyond the Mask,"Lake Orion, Michigan, USA",
/title/tt2433040/,Beyond the Mask,"Ortonville, Michigan, USA",
/title/tt2433040/,Beyond the Mask,"Flint, Michigan, USA",
/title/tt2433040/,Beyond the Mask,"Rochester, Michigan, USA",
/title/tt2433040/,Beyond the Mask,"Oxford, Michigan, USA",
/title/tt0084573/,Raw Force,Philippines,
/title/tt0062591/,The Name of the Game,"Los Angeles, California, USA",
/title/tt0084935/,Il mondo di Yor,Turkey,
/title/tt0084935/,Il mondo di Yor,"De Paolis Studios, Rome, Lazio, Italy",(special effects and additional interiors) (as De Paolis Incir)                        
/title/tt3403194/,Sharkansas Women's Prison Massacre,"Marianna, Florida, USA",(Arkansas)                        
/title/tt0099212/,Camp Cucamonga,"Paramount Ranch - 2813 Cornell Road, Agoura, California, USA",
/title/tt1069207/,Jack Hunter and the Lost Treasure of Ugarit,Turkey,
/title/tt10238788/,Monster Island,"Capetown, South Africa",
/title/tt5568740/,Mech-X4,"Vancouver, British Columbia, Canada",
/title/tt0075113/,Queen Kong,"Christchurch, Hampshire, England, UK",(model village)                        
/title/tt0075113/,Queen Kong,"Shepperton Studios, Shepperton, Surrey, England, UK",
/title/tt0075113/,Queen Kong,"Trafalgar Square, St James's, London, England, UK",
/title/tt4627104/,Flight World War II,"Remmet Studios - 8033 Remmet Ave, Canoga Park, California, USA",
/title/tt4627104/,Flight World War II,"Los Angeles, California, USA",
/title/tt0115493/,Alaska,"Alaska, USA",
/title/tt0115493/,Alaska,"Bugaboo Provincial Park, British Columbia, Canada",
/title/tt0115493/,Alaska,"Purcell Range, British Columbia, Canada",
/title/tt2385021/,Borderlands 2,"Dallas, Texas, USA",(studio)                        
/title/tt0099816/,Haakon Haakonsen,Fiji,
/title/tt0099816/,Haakon Haakonsen,Spain,
/title/tt0178145/,Joan of Arc,Czech Republic,
/title/tt0178145/,Joan of Arc,"Kutná Hora, Stredoceský, Czech Republic",
/title/tt0178145/,Joan of Arc,"Loket, Czech Republic",
/title/tt0178145/,Joan of Arc,"Pernstejn, Czech Republic",
/title/tt0178145/,Joan of Arc,"Tocník, Czech Republic",
/title/tt0059977/,Daktari,"Africa U.S.A. - 8237 Soledad Canyon Road, Acton, California, USA",(Ralph Helfer's Ranch)                        
/title/tt9341628/,End of the World,"Riverside, California, USA",
/title/tt0775362/,Fallen,"Vancouver, British Columbia, Canada",
/title/tt0310443/,Dinotopia,"Budapest, Hungary",
/title/tt0310443/,Dinotopia,Malta,
/title/tt0310443/,Dinotopia,Hungary,
/title/tt1705125/,Mysterious Island,"St. Amant, Louisiana, USA",
/title/tt1705125/,Mysterious Island,"Mandeville, LA, California, USA",
/title/tt1705125/,Mysterious Island,"VOX Studios, St. Gabriel, Louisiana, USA",
/title/tt1705125/,Mysterious Island,"Rosewood Plantation, St. Amant, Louisiana, USA",(location)                        
/title/tt0088015/,Ronja Rövardotter,"Sörknatten, Åmåls kommun, Västra Götalands län, Sweden",(Castle mountain and forest exteriors)                        
/title/tt0088015/,Ronja Rövardotter,"Slottsruin, Hagaparken, Solna, Stockholms län, Sweden",(the fight between Mattis and Borka)                        
/title/tt0088015/,Ronja Rövardotter,"Dalby Söderskog, Dalby, Skåne län, Sweden",
/title/tt11297308/,O pyravlos,"Athens, Greece",(Athens scenes)                        
/title/tt11297308/,O pyravlos,"Milan, Italy",(Milan Sequence)                        
/title/tt1619880/,Sharktopus,"Puerto Vallarta, Jalisco, Mexico",(Marina Vallarta)                        
/title/tt0235608/,La mujer murcielago,"Estudios Churubusco Azteca, Mexico City, Distrito Federal, Mexico",(studio)                        
/title/tt0048990/,De ondergang van de Graf Spee,"Cromarty Firth, Invergordon, Highland, Scotland, UK",(re-fuelling scene)                        
/title/tt0048990/,De ondergang van de Graf Spee,"Harbour, Montevideo, Uruguay",(harbour scenes - showing crowds)                        
/title/tt0048990/,De ondergang van de Graf Spee,Malta,(Grand Harbour)                        
/title/tt0048990/,De ondergang van de Graf Spee,Atlantic Ocean,
/title/tt1637728/,Ferocious Planet,"Dublin, County Dublin, Ireland",
/title/tt0032762/,Het teken van Zorro,"Stage 6, 20th Century Fox Studios - 10201 Pico Blvd., Century City, Los Angeles, California, USA",
/title/tt3707110/,Call of Duty: Advanced Warfare,"New York City, New York, USA",
/title/tt3707110/,Call of Duty: Advanced Warfare,"Detroit, Michigan, USA",
/title/tt3707110/,Call of Duty: Advanced Warfare,"Baghdad, Iraq",
/title/tt0210234/,Pokémon 2: De Film - Op Eigen Kracht,"Setagaya, Tokyo, Japan","(OLM, Inc.)                        "
/title/tt0210234/,Pokémon 2: De Film - Op Eigen Kracht,"New York City, New York, USA",(4Kids Entertainment)                        
/title/tt1629377/,Secuestrados,"Las Rozas, Madrid, Spain",
Code,Show Name,Location,Scene
/title/tt1275861/,Under the Mountain,"Auckland, New Zealand",
/title/tt1275861/,Under the Mountain,"Lake Pupuke, North Shore City, New Zealand",
/title/tt1275861/,Under the Mountain,"North Head, Devonport, Auckland, New Zealand",
/title/tt0067148/,Gojira tai Hedora,"Mt. Fuji, Japan",
/title/tt0060474/,La grande vadrouille,"Hôtel du Globe, Noyers-sur-Serein, Yonne, France",
/title/tt0060474/,La grande vadrouille,"16 Rue de la Faisanderie, Paris 16, Paris, France","(Kommandantur in Paris, Augustin painting wall)                        "
/title/tt0060474/,La grande vadrouille,"Anthien, Nièvre, France","(truck out of gas, Augustin, Stanislas and the British officers walk on road D958)                        "
/title/tt0060474/,La grande vadrouille,"Grandval, Lavastrie, Cantal, France",(road checkpoint at the dam)                        
/title/tt0060474/,La grande vadrouille,"Rue Bertin Poirée, Paris 1, Paris, France",(manhole scene in front of N.4)                        
/title/tt0060474/,La grande vadrouille,"Avenue des Champs-Élysées, Paris 8, Paris, France",
/title/tt0060474/,La grande vadrouille,"Côte-d'Or, France",
/title/tt0060474/,La grande vadrouille,"Hospices de Beaune, Beaune, Côte-d'Or, France",(historic hospital)                        
/title/tt0060474/,La grande vadrouille,"Mosquée de Paris, Paris 5, Paris, France",
/title/tt0060474/,La grande vadrouille,"Paris, France",
/title/tt0060474/,La grande vadrouille,"Studios de Billancourt - 50 Quai du Point du Jour, Boulogne-Billancourt, Hauts-de-Seine, France",
/title/tt0060474/,La grande vadrouille,"Zoo de Vincennes, Paris 12, Paris, France",
/title/tt3170902/,Theeb,Jordan,
/title/tt3170902/,Theeb,"Wadi Araba, Jordan",(Tribal encampment)                        
/title/tt0060728/,Murderers' Row,"Isle of Wight, England, UK",(hovercraft and helicopter scenes)                        
/title/tt0060728/,Murderers' Row,"Villefranche-sur-Mer, Alpes-Maritimes, France",
/title/tt0327919/,I Am David,Bulgaria,
/title/tt0451192/,Scarface: The World Is Yours,"Miami, Florida, USA",
/title/tt0098321/,Terminator II,"Venice, Italy",(additional location)                        
/title/tt0046906/,Destry,"Alabama Hills, Lone Pine, California, USA",
/title/tt0046906/,Destry,"Universal Studios - 100 Universal City Plaza, Universal City, California, USA",(studio)                        
/title/tt0085183/,Ator l'invincibile,Italy,
/title/tt3858372/,"Mune, le gardien de la lune","Chicago, Illinois, USA",(moon temple)                        
/title/tt0959086/,Flash Gordon,"Aldergrove, British Columbia, Canada",
/title/tt0101366/,Arena,"Empire Studios, Rome, Lazio, Italy",(studio)                        
/title/tt4224588/,Jekyll & Hyde,"39 High Street, Rochester, Kent, England, UK",(as Empire Music Hall)                        
/title/tt4224588/,Jekyll & Hyde,"Fort Amherst, Chatham, Kent, England, UK",(tunnels)                        
/title/tt4224588/,Jekyll & Hyde,"Ingatestone Hall, Ingatestone, Essex, England, UK",(Renata Jezequiel's house)                        
/title/tt0112174/,Spellbinder,"Sydney, New South Wales, Australia",
/title/tt0112174/,Spellbinder,"Pieskowa Skala, Suloszowa, Malopolskie, Poland",
/title/tt0115086/,The Adventures of Sinbad,"Cape Town, Western Cape, South Africa",
/title/tt0016641/,Ben-Hur: A Tale of the Christ,"Iverson Ranch - 1 Iverson Lane, Chatsworth, Los Angeles, California, USA",
/title/tt0016641/,Ben-Hur: A Tale of the Christ,"Culver Studios - 9336 W. Washington Blvd., Culver City, California, USA",(the chariot race)                        
/title/tt0016641/,Ben-Hur: A Tale of the Christ,"Livorno, Tuscany, Italy",(The naval battle scene)                        
/title/tt0488658/,Unaccompanied Minors,"Echo, Utah, USA",
/title/tt0488658/,Unaccompanied Minors,"Salt Lake International Airport - 776 N. Terminal Drive, Salt Lake City, Utah, USA",
/title/tt0488658/,Unaccompanied Minors,"West Valley City, Utah, USA",
/title/tt13119450/,God of War: Ragnarök,"New York City, New York, USA",(Dig site)                        
/title/tt3814634/,Bloodborne,"Chicago Illinois, USA",(Woods Scenes)                        
/title/tt0298388/,Jonah: A VeggieTales Movie,"Lombard, Illinois, USA",(Yorktown Center)                        
/title/tt0384819/,Azumi,Japan,
/title/tt0117287/,The Paper Brigade,"Pleasant Valley, New York, USA",
/title/tt0044413/,Bend of the River,"Mount Hood, Oregon, USA",
/title/tt0044413/,Bend of the River,"Columbia River, Oregon, USA",
/title/tt0044413/,Bend of the River,"Cape Horn, Columbia River Gorge, Washington, USA",(steamboat scene)                        
/title/tt0044413/,Bend of the River,"Palmer Glacier, Mount Hood, Oregon, USA",
/title/tt0044413/,Bend of the River,"Universal Studios - 100 Universal City Plaza, Universal City, California, USA",(studio)                        
/title/tt0050904/,Robbery Under Arms,"Quorn, South Australia, Australia",(environs)                        
/title/tt0050904/,Robbery Under Arms,"Flinders Ranges, South Australia, Australia",(the picture was shot in and around)                        
/title/tt0050904/,Robbery Under Arms,"New South Wales, Australia",
/title/tt0050904/,Robbery Under Arms,"Pagewood Studios, Sydney, New South Wales, Australia",(interiors)                        
/title/tt0050904/,Robbery Under Arms,"South Australia, Australia",
/title/tt0050904/,Robbery Under Arms,"Wilpena Pound, South Australia, Australia",
/title/tt0115289/,The New Adventures of Robin Hood,"Vilnius, Lithuania",
/title/tt0036326/,Saludos Amigos,"Lake Titicaca, Bolivia",
/title/tt0045679/,The Desert Rats,"Mojave Desert, Arizona, USA",
/title/tt0045679/,The Desert Rats,"Yuma, Arizona, USA",
/title/tt0045679/,The Desert Rats,"Borrego Springs, California, USA",
/title/tt0193364/,The Order,"Jerusalem, Israel",
/title/tt0193364/,The Order,"Sofia, Bulgaria",
/title/tt0044760/,Ivanhoe,"MGM British Studios, Borehamwood, Hertfordshire, England, UK",(studio) (studio: interiors and exteriors: Torquilstone Castle and lists at Ashby La Zouche)                        
/title/tt0044760/,Ivanhoe,"Castel Pietra, Vipiteno, Trentino-Alto Adige, Italy","(Ivanhoe searching for Richard, receives a bucket of water)                        "
/title/tt0044760/,Ivanhoe,"Castel Cornedo, Cornedo all'Isarco, Trentino-Alto Adige, Italy","(Ivanhoe searching for Richard, 2nd castle he passes under)                        "
/title/tt0094888/,Cobra Verde,"Cali, Valle del Cauca, Colombia",
/title/tt0094888/,Cobra Verde,"Fort Elmina, Ghana",
/title/tt0094888/,Cobra Verde,"Serra Pelada, Pará, Brazil",
/title/tt0094888/,Cobra Verde,"Elmina Castle, Cape Coast, Ghana",
/title/tt0094888/,Cobra Verde,"Bahia, Brazil",
/title/tt0094888/,Cobra Verde,"Juazeiro do Norte, Ceará, Brazil",
/title/tt0094888/,Cobra Verde,Brazil,
/title/tt0094888/,Cobra Verde,Benin,
/title/tt0091003/,Eliminators,"East 2nd Street and South Santa Fe Avenue, Los Angeles, California, USA",(Mandroid and Nora stop here in their car when they get attacked)                        
/title/tt8476166/,Brigada Costa del Sol,"Málaga, Málaga, Andalucía, Spain",
/title/tt0044881/,"Manina, het meisje zonder sluier","Iles Lavezzi, Corse du Sud, Corsica, France",(lighthouse)                        
/title/tt0080472/,Bronco Billy,"Meridian, Idaho, USA",
/title/tt0080472/,Bronco Billy,"Ontario, Oregon, USA",
/title/tt0080472/,Bronco Billy,"Nampa, Idaho, USA",
/title/tt9735672/,Eiga Doraemon: Nobita no getsumen tansaki,"Tokyo, Japan",(studio) (Animation Studio HQ)                        
/title/tt0080861/,Herbie Goes Bananas,"Panama City, Panama",
/title/tt0080861/,Herbie Goes Bananas,"Guadalajara, Jalisco, Mexico",
/title/tt0080861/,Herbie Goes Bananas,"Ventura, California, USA",
/title/tt0080861/,Herbie Goes Bananas,"Tijuana, Baja California Norte, Mexico",
Code,Show Name,Location,Scene
/title/tt3918686/,The Christmas Dragon,"Utah, USA",
/title/tt0080062/,The Spaceman and King Arthur,"Alnwick Castle, Alnwick, Northumberland, England, UK",
/title/tt0080062/,The Spaceman and King Arthur,"Pinewood Studios, Iver Heath, Buckinghamshire, England, UK",(studio) (studio: filmed at)                        
/title/tt12948838/,Gotham Knights,"Chicago Illinois, USA",(Gotham City)                        
/title/tt0056676/,The War Lover,"RAF Manston, Kent, England, UK",
/title/tt0056676/,The War Lover,"RAF Bovingdon, Bovingdon, Hertfordshire, England, UK",
/title/tt0026266/,"The Personal History, Adventures, Experience, & Observation of David Copperfield the Younger","Malibu, California, USA",(Dover scenes)                        
/title/tt0026266/,"The Personal History, Adventures, Experience, & Observation of David Copperfield the Younger","Metro-Goldwyn-Mayer Studios - 10202 W. Washington Blvd., Culver City, California, USA",
/title/tt1597522/,Asterix en Obelix bij de Britten,"Cliffs of Moher, County Clare, Ireland",(cliffs)                        
/title/tt1597522/,Asterix en Obelix bij de Britten,"Listoke House and Gardens, Drogheda, County Louth, Ireland",(Ophelia's garden)                        
/title/tt1597522/,Asterix en Obelix bij de Britten,"Mafilm, Budapest, Hungary","(studio) (studio: Gallic village, Londinium, Rugby stadium)                        "
/title/tt1597522/,Asterix en Obelix bij de Britten,"Budapest, Hungary",(Roman headquarters in Londinium)                        
/title/tt1597522/,Asterix en Obelix bij de Britten,France,
/title/tt1597522/,Asterix en Obelix bij de Britten,"Mediterranean Film Studios, Kalkara, Malta",(pirate ship scenes)                        
/title/tt0084978/,Automan,"20th Century Fox Studios - 10201 Pico Blvd., Century City, Los Angeles, California, USA",
/title/tt1364465/,The Elephant Princess,"Melbourne, Victoria, Australia",
/title/tt0067055/,Equinox,"Big Tujunga Canyon Road, Angeles National Forest, California, USA",(several bridge scenes)                        
/title/tt0067055/,Equinox,"St. Luke Medical Center, 2632 E. Washington Blvd., Pasadena, California, USA",(Hospital where David Fielding was being treated)                        
/title/tt0067055/,Equinox,"Arroyo Seco, Pasadena, California, USA",(Green Giant sequence)                        
/title/tt0067055/,Equinox,"La Cañada-Flintridge, California, USA",(Muren's home-special effects/Woods' reshoots - 1970 version)                        
/title/tt7052244/,Robin Hood,"South Wales, Wales, UK",
/title/tt0205214/,De Magische Legende Van De Dwergen,"Ashridge Park, Little Gaddesden, Hertfordshire, England, UK",
/title/tt0113682/,Loch Ness,"Lower Diabaig, Loch Torridon, Highland, Scotland, UK",(bay - hotel - pier)                        
/title/tt0113682/,Loch Ness,"Eilean Donan Castle, Kyle of Lochalsh, Highland, Scotland, UK",
/title/tt0113682/,Loch Ness,"London, England, UK",
/title/tt0113682/,Loch Ness,"North Loch Torridon, Highland, Scotland, UK",
/title/tt0113682/,Loch Ness,"Diabaig Village, North Loch Torridon, Highland, Scotland, UK",(Hotel & village scenes)                        
/title/tt0113682/,Loch Ness,"Drumnadrochit, Loch Ness, Highland, Scotland, UK",
/title/tt0113682/,Loch Ness,"Loch Torridon, Highland, Scotland, UK",(Scenary shots)                        
/title/tt0113682/,Loch Ness,"The Coppid Beech Hotel, Bracknell, Berkshire, England, UK",
/title/tt0113682/,Loch Ness,"Highland, Scotland, UK",
/title/tt0055719/,The 300 Spartans,"Perachora, Greece",
/title/tt0055719/,The 300 Spartans,"Gulf of Corinth, Greece",
/title/tt0074540/,The Food of the Gods,"Cowan's Point, Bowen Island, British Columbia, Canada",
/title/tt5629524/,Za granyu realnosti,"Tbilisi, Georgia",
/title/tt5629524/,Za granyu realnosti,"Gelendzhik, Russia",
/title/tt0062543/,The Banana Splits Adventure Hour,"Six Flags Over Texas - 2201 Road to Six Flags Street E., Arlington, Texas, USA",(music scenes)                        
/title/tt0062543/,The Banana Splits Adventure Hour,"Coney Island, Brooklyn, New York City, New York, USA",(music scenes)                        
/title/tt0473360/,Goal II: Living the Dream,"Madrid, Spain",
/title/tt0473360/,Goal II: Living the Dream,"Newcastle-upon-Tyne, Tyne & Wear, England, UK",(aerial shots)                        
/title/tt0473360/,Goal II: Living the Dream,"Tokyo, Japan",
/title/tt1629705/,Blackthorn,"Potosí, Bolivia",
/title/tt1629705/,Blackthorn,"La Paz, Bolivia",
/title/tt1185431/,My One and Only,"Belen, New Mexico, USA",
/title/tt1185431/,My One and Only,"Bonanza Creek Ranch - 15 Bonanza Creek Lane, Santa Fe, New Mexico, USA",
/title/tt1185431/,My One and Only,"Santa Fe, New Mexico, USA",
/title/tt1185431/,My One and Only,"Lothian, Maryland, USA",
/title/tt1185431/,My One and Only,"Upperco, Maryland, USA",
/title/tt3146360/,Belle et Sébastien,"Bramans, France",(location)                        
/title/tt0089338/,Inferno in diretta,Venezuela,
/title/tt0433275/,Flight 29 Down,"O'ahu, Hawaii, USA",
/title/tt0078801/,Ashanti,"Jerusalem, Israel",
/title/tt0078801/,Ashanti,"Sicily, Italy",
/title/tt5606538/,Gongjo,"Seoul, South Korea",
/title/tt0117768/,The Stupids,"Toronto, Ontario, Canada",
/title/tt0060288/,Mooi.... maar slecht,"Lerici, La Spezia, Liguria, Italy",
/title/tt0129686/,Hornblower: The Even Chance,"Yalta, Crimea, Ukraine",
/title/tt0129686/,Hornblower: The Even Chance,Turkey,
/title/tt0134033/,Plunkett & Macleane,"Prague, Czech Republic",
/title/tt0134033/,Plunkett & Macleane,"Pinewood Studios, Iver Heath, Buckinghamshire, England, UK",
/title/tt0134033/,Plunkett & Macleane,"Syon House, Syon Park, Brentford, Middlesex, England, UK",
/title/tt0065361/,12 + 1,"Stafford Hotel, London, England, UK",(Pat and Mario's hotel while in London)                        
/title/tt0065361/,12 + 1,"Jermyn St, London, England, UK",(Stanley Duncan's gallery location)                        
/title/tt0065361/,12 + 1,"Fiumicino Airport, Rome, Lazio, Italy",
/title/tt0065361/,12 + 1,"Lavenham, Suffolk, England, UK",(Aunt Laura's house)                        
/title/tt0065361/,12 + 1,"London, England, UK",
/title/tt0065361/,12 + 1,"Paris, France",
Code,Show Name,Location,Scene
/title/tt7781732/,Tomb Invader,"Los Angeles, California, USA",(studio)                        
/title/tt7781732/,Tomb Invader,"Bronson Caves, Bronson Canyon, Griffith Park - 4730 Crystal Springs Drive, Los Angeles, California, USA",(cave scenes)                        
/title/tt0127919/,Tale of the Mummy,Luxembourg,(primary location)                        
/title/tt3896100/,Atrapa la bandera,"Tenerife, Canary Islands, Spain",(Location)                        
/title/tt0023753/,Alice in Wonderland,"Paramount Studios - 5555 Melrose Avenue, Hollywood, Los Angeles, California, USA",(studio)                        
/title/tt0806027/,Blood: The Last Vampire,"Dali, Yunnan, China",
/title/tt0806027/,Blood: The Last Vampire,"Kunming, Yunnan, China",
/title/tt0806027/,Blood: The Last Vampire,"Morón, Buenos Aires, Federal District, Argentina",
/title/tt0806027/,Blood: The Last Vampire,"Teng Chong, Yunnan, China",
/title/tt0044205/,Westward the Women,"Kanab Movie Ranch - 5001 Angel Canyon Road, Kanab, Utah, USA",
/title/tt0044205/,Westward the Women,"Tucson, Arizona, USA",
/title/tt0044205/,Westward the Women,"Paria Canyon, Kanab, Utah, USA",
/title/tt0044205/,Westward the Women,"Hollywood, Los Angeles, California, USA",
/title/tt0044205/,Westward the Women,"Death Valley, California, USA",
/title/tt0083476/,Seven Brides for Seven Brothers,"Murphys, California, USA",
/title/tt0460810/,The Great Buck Howard,"Las Vegas, Nevada, USA",
/title/tt0460810/,The Great Buck Howard,"New York City, New York, USA",
/title/tt4685096/,3-Headed Shark Attack,"Orange Beach, Alabama, USA",
/title/tt4685096/,3-Headed Shark Attack,"Auburn, Alabama, USA",
/title/tt0768218/,The Mysteries of Pittsburgh,"Mount Washington, Pittsburgh, Pennsylvania, USA",
/title/tt11334312/,The Final Level: Escaping Rancala,"Santa Barbara, California, USA",(the town and arcade setting)                        
/title/tt0023458/,Shanghai Express,"Santa Fe Railroad Depot - 1170 W. 3rd Street, San Bernardino, California, USA",
/title/tt0023458/,Shanghai Express,"Paramount Studios - 5555 Melrose Avenue, Hollywood, Los Angeles, California, USA",(studio)                        
/title/tt0025004/,The Count of Monte Cristo,"RKO-Pathé Studios - 9336 Washington Blvd., Culver City, California, USA",(studio)                        
/title/tt0083710/,Caligula et Messaline,"Studios De Paolis, Rome, Lazio, Italy",(studio)                        
/title/tt0485976/,Bo bui gai wak,"Hong Kong, China",
/title/tt0424627/,Dog the Bounty Hunter,"Honolulu, O'ahu, Hawaii, USA",
/title/tt0103962/,Christopher Columbus: The Discovery,Portugal,
/title/tt0103962/,Christopher Columbus: The Discovery,"Cabo Espichel, Sesimbra, Setúbal, Portugal",
/title/tt0103962/,Christopher Columbus: The Discovery,"Chattanooga, Tennessee, USA",
/title/tt0103962/,Christopher Columbus: The Discovery,"Mediterranean Film Studios, Malta",(studio)                        
/title/tt0103962/,Christopher Columbus: The Discovery,Atlantic Ocean,
/title/tt0052440/,Adventures in Paradise,"Stage 3, 20th Century Fox Studios - 10201 Pico Blvd., Century City, Los Angeles, California, USA",
/title/tt0119152/,Free Willy 3: De redding,"Britannia Beach, British Columbia, Canada",
/title/tt0119152/,Free Willy 3: De redding,"Squamish, British Columbia, Canada",
/title/tt0119152/,Free Willy 3: De redding,Canada,
/title/tt0060736/,De naakte prooi,"Sibasa, Limpopo, South Africa",
/title/tt0060736/,De naakte prooi,Zimbabwe,
/title/tt2145829/,Robot Overlords,Isle of Man,
/title/tt2145829/,Robot Overlords,UK,
/title/tt2740710/,Atlantic Rim,"Perdido Key, Florida, USA",
/title/tt0069641/,Super Friends,"Hanna-Barbera Studios - 3400 Cahuenga Boulevard W, Los Angeles, California, USA",
/title/tt9673190/,The Lego Batman Movie 2,"Chicago Illinois, USA",(Gotham City)                        
/title/tt0064471/,"If It's Tuesday, This Must Be Belgium","Amsterdam, Noord-Holland, Netherlands",
/title/tt0064471/,"If It's Tuesday, This Must Be Belgium",Switzerland,
/title/tt0064471/,"If It's Tuesday, This Must Be Belgium","London, England, UK",
/title/tt0064471/,"If It's Tuesday, This Must Be Belgium","Venice, Veneto, Italy",
/title/tt0064471/,"If It's Tuesday, This Must Be Belgium","Tower of London, Whitechapel, London, England, UK",(First stop on tour)                        
/title/tt0064471/,"If It's Tuesday, This Must Be Belgium","Luxembourg, Luxembourg",
/title/tt0064471/,"If It's Tuesday, This Must Be Belgium","Brussels, Brussels-Capital, Belgium",
/title/tt0111477/,Trapped in Paradise,"Niagara-on-the-Lake, Ontario, Canada",
/title/tt0111477/,Trapped in Paradise,"Fergus, Ontario, Canada",(River Scenes - Grand River)                        
/title/tt0111477/,Trapped in Paradise,"St. Catharines, Ontario, Canada",
/title/tt0839995/,Superman II,"Calgary, Alberta, Canada",
/title/tt0839995/,Superman II,"Chobham Common, Surrey, England, UK",
/title/tt0839995/,Superman II,Norway,
/title/tt0839995/,Superman II,"Pinewood Studios, Iver Heath, Buckinghamshire, England, UK",
/title/tt0062598/,Pippi Långstrump,"Røros, Norway",(first shots)                        
/title/tt0062598/,Pippi Långstrump,"Visby, Gotlands län, Sweden",
/title/tt0062598/,Pippi Långstrump,"Kyrktrappan, Visby, Gotlands län, Sweden",
